cds-HVO_RS05105	9
cds-HVO_RS05125	4
cds-HVO_RS06675	0
cds-HVO_RS06680	9
cds-HVO_RS07375	247
cds-HVO_RS07960	2
cds-HVO_RS08125	4
cds-HVO_RS08880	4
cds-HVO_RS09115	6
cds-HVO_RS09535	1
cds-HVO_RS09875	2
cds-HVO_RS10235	271
cds-HVO_RS10430	0
cds-HVO_RS10435	0
cds-HVO_RS10610	12
cds-HVO_RS10805	2
cds-HVO_RS11555	1
cds-HVO_RS11860	8
cds-HVO_RS12025	4
cds-HVO_RS12570	0
cds-HVO_RS12575	1
cds-HVO_RS12705	0
cds-HVO_RS13200	0
cds-HVO_RS13860	0
cds-HVO_RS13865	1
cds-HVO_RS14070	3
cds-HVO_RS14455	12
cds-HVO_RS14565	4
cds-HVO_RS14675	3
cds-HVO_RS14685	0
cds-HVO_RS15745	0
cds-HVO_RS16355	0
cds-HVO_RS16450	1
cds-HVO_RS16455	0
cds-HVO_RS16460	0
cds-HVO_RS16470	1
cds-HVO_RS16700	10
cds-HVO_RS17295	0
cds-HVO_RS17675	13
cds-HVO_RS17820	0
cds-HVO_RS18080	3
cds-HVO_RS18390	1
cds-HVO_RS18855	10
cds-HVO_RS19650	0
cds-HVO_RS20120	2
cds-HVO_RS20135	0
cds-HVO_RS20180	4
cds-HVO_RS20195	24
cds-HVO_RS20210	0
cds-HVO_RS20225	0
cds-HVO_RS20290	0
cds-HVO_RS20300	3
cds-HVO_RS20325	9
cds-HVO_RS20565	5
cds-HVO_RS20590	0
cds-HVO_RS20600	0
cds-HVO_RS20645	24
cds-HVO_RS21130	0
cds-WP_004041397.1	5
cds-WP_004041399.1	3
cds-WP_004041400.1	0
cds-WP_004041401.1	4
cds-WP_004041402.1	7
cds-WP_004041404.1	5
cds-WP_004041405.1	5
cds-WP_004041407.1	3
cds-WP_004041409.1	5
cds-WP_004041410.1	9
cds-WP_004041411.1	2
cds-WP_004041412.1	6
cds-WP_004041414.1	1
cds-WP_004041415.1	15
cds-WP_004041419.1	18
cds-WP_004041420.1	48
cds-WP_004041421.1	5
cds-WP_004041422.1	3
cds-WP_004041423.1	10
cds-WP_004041424.1	90
cds-WP_004041425.1	24
cds-WP_004041426.1	6
cds-WP_004041427.1	1
cds-WP_004041428.1	2
cds-WP_004041429.1	2
cds-WP_004041430.1	3
cds-WP_004041431.1	1
cds-WP_004041432.1	3
cds-WP_004041433.1	1
cds-WP_004041434.1	90
cds-WP_004041435.1	13
cds-WP_004041437.1	3
cds-WP_004041438.1	19
cds-WP_004041439.1	7
cds-WP_004041440.1	36
cds-WP_004041441.1	22
cds-WP_004041442.1	5
cds-WP_004041443.1	11
cds-WP_004041444.1	2
cds-WP_004041447.1	3
cds-WP_004041448.1	0
cds-WP_004041449.1	5
cds-WP_004041450.1	11
cds-WP_004041451.1	19
cds-WP_004041452.1	36
cds-WP_004041453.1	9
cds-WP_004041454.1	1
cds-WP_004041456.1	2
cds-WP_004041457.1	64
cds-WP_004041458.1	17
cds-WP_004041459.1	4
cds-WP_004041460.1	5
cds-WP_004041462.1	1
cds-WP_004041464.1	3
cds-WP_004041465.1	0
cds-WP_004041468.1	0
cds-WP_004041469.1	7
cds-WP_004041471.1	1
cds-WP_004041473.1	11
cds-WP_004041476.1	6
cds-WP_004041479.1	6
cds-WP_004041481.1	39
cds-WP_004041483.1	7
cds-WP_004041484.1	16
cds-WP_004041485.1	13
cds-WP_004041486.1	2
cds-WP_004041487.1	1
cds-WP_004041488.1	7
cds-WP_004041489.1	5
cds-WP_004041490.1	4
cds-WP_004041491.1	0
cds-WP_004041492.1	2
cds-WP_004041493.1	3
cds-WP_004041494.1	3
cds-WP_004041496.1	8
cds-WP_004041497.1	11
cds-WP_004041499.1	2
cds-WP_004041500.1	14
cds-WP_004041501.1	3
cds-WP_004041502.1	40
cds-WP_004041503.1	6
cds-WP_004041504.1	1
cds-WP_004041505.1	1
cds-WP_004041506.1	3
cds-WP_004041507.1	1
cds-WP_004041508.1	4
cds-WP_004041509.1	0
cds-WP_004041510.1	0
cds-WP_004041511.1	2
cds-WP_004041512.1	1
cds-WP_004041513.1	5
cds-WP_004041514.1	1
cds-WP_004041515.1	17
cds-WP_004041516.1	5
cds-WP_004041518.1	0
cds-WP_004041519.1	8
cds-WP_004041520.1	1
cds-WP_004041521.1	13
cds-WP_004041522.1	3
cds-WP_004041523.1	9
cds-WP_004041524.1	0
cds-WP_004041525.1	4
cds-WP_004041526.1	1
cds-WP_004041527.1	43
cds-WP_004041528.1	0
cds-WP_004041531.1	1
cds-WP_004041532.1	0
cds-WP_004041533.1	3
cds-WP_004041534.1	0
cds-WP_004041536.1	2
cds-WP_004041537.1	8
cds-WP_004041538.1	12
cds-WP_004041539.1	1
cds-WP_004041540.1	7
cds-WP_004041541.1	10
cds-WP_004041542.1	25
cds-WP_004041543.1	3
cds-WP_004041544.1	1
cds-WP_004041545.1	6
cds-WP_004041546.1	2
cds-WP_004041547.1	2
cds-WP_004041548.1	2
cds-WP_004041549.1	4
cds-WP_004041550.1	5
cds-WP_004041551.1	3
cds-WP_004041552.1	0
cds-WP_004041554.1	2
cds-WP_004041556.1	7
cds-WP_004041557.1	3
cds-WP_004041558.1	11
cds-WP_004041559.1	2
cds-WP_004041560.1	5
cds-WP_004041561.1	0
cds-WP_004041562.1	0
cds-WP_004041563.1	6
cds-WP_004041564.1	0
cds-WP_004041565.1	2
cds-WP_004041566.1	59
cds-WP_004041567.1	4
cds-WP_004041568.1	6
cds-WP_004041569.1	186
cds-WP_004041570.1	15
cds-WP_004041571.1	1
cds-WP_004041572.1	1
cds-WP_004041574.1	9
cds-WP_004041575.1	7
cds-WP_004041576.1	8
cds-WP_004041577.1	1
cds-WP_004041578.1	1
cds-WP_004041579.1	14
cds-WP_004041580.1	13
cds-WP_004041581.1	15
cds-WP_004041582.1	1
cds-WP_004041583.1	13
cds-WP_004041584.1	5
cds-WP_004041585.1	8
cds-WP_004041586.1	11
cds-WP_004041587.1	1
cds-WP_004041589.1	12
cds-WP_004041590.1	10
cds-WP_004041591.1	1
cds-WP_004041592.1	15
cds-WP_004041593.1	4
cds-WP_004041594.1	13
cds-WP_004041595.1	21
cds-WP_004041596.1	4
cds-WP_004041597.1	4
cds-WP_004041598.1	142
cds-WP_004041601.1	36
cds-WP_004041602.1	1
cds-WP_004041603.1	35
cds-WP_004041604.1	4
cds-WP_004041605.1	0
cds-WP_004041606.1	1
cds-WP_004041607.1	1
cds-WP_004041608.1	1
cds-WP_004041610.1	2
cds-WP_004041611.1	0
cds-WP_004041612.1	7
cds-WP_004041613.1	3
cds-WP_004041615.1	6
cds-WP_004041616.1	65
cds-WP_004041617.1	13
cds-WP_004041618.1	1
cds-WP_004041619.1	8
cds-WP_004041621.1	4
cds-WP_004041622.1	0
cds-WP_004041623.1	0
cds-WP_004041624.1	1
cds-WP_004041625.1	2
cds-WP_004041626.1	1
cds-WP_004041629.1	38
cds-WP_004041630.1	3
cds-WP_004041631.1	0
cds-WP_004041632.1	7
cds-WP_004041633.1	1
cds-WP_004041634.1	177
cds-WP_004041635.1	10
cds-WP_004041636.1	6
cds-WP_004041637.1	6
cds-WP_004041638.1	12
cds-WP_004041639.1	28
cds-WP_004041640.1	624
cds-WP_004041641.1	15
cds-WP_004041642.1	16
cds-WP_004041643.1	17
cds-WP_004041644.1	3
cds-WP_004041645.1	5
cds-WP_004041646.1	8
cds-WP_004041648.1	0
cds-WP_004041650.1	0
cds-WP_004041651.1	1
cds-WP_004041652.1	0
cds-WP_004041653.1	1
cds-WP_004041654.1	0
cds-WP_004041655.1	0
cds-WP_004041656.1	0
cds-WP_004041657.1	1
cds-WP_004041658.1	0
cds-WP_004041659.1	16
cds-WP_004041660.1	5
cds-WP_004041662.1	2
cds-WP_004041663.1	7
cds-WP_004041664.1	2
cds-WP_004041665.1	1
cds-WP_004041667.1	0
cds-WP_004041668.1	3
cds-WP_004041669.1	0
cds-WP_004041676.1	3
cds-WP_004041677.1	0
cds-WP_004041680.1	1
cds-WP_004041681.1	5
cds-WP_004041683.1	10
cds-WP_004041684.1	27
cds-WP_004041685.1	6
cds-WP_004041686.1	8
cds-WP_004041687.1	4
cds-WP_004041688.1	1
cds-WP_004041689.1	2
cds-WP_004041690.1	2
cds-WP_004041691.1	9
cds-WP_004041692.1	2
cds-WP_004041693.1	7
cds-WP_004041694.1	7
cds-WP_004041695.1	15
cds-WP_004041697.1	1
cds-WP_004041698.1	3
cds-WP_004041699.1	5
cds-WP_004041700.1	6
cds-WP_004041701.1	0
cds-WP_004041702.1	3
cds-WP_004041703.1	0
cds-WP_004041704.1	2
cds-WP_004041708.1	10
cds-WP_004041710.1	23
cds-WP_004041712.1	9
cds-WP_004041714.1	5
cds-WP_004041716.1	2
cds-WP_004041717.1	29
cds-WP_004041718.1	0
cds-WP_004041719.1	9
cds-WP_004041720.1	6
cds-WP_004041722.1	6
cds-WP_004041725.1	2
cds-WP_004041727.1	0
cds-WP_004041728.1	1
cds-WP_004041729.1	3
cds-WP_004041730.1	19
cds-WP_004041731.1	7
cds-WP_004041732.1	0
cds-WP_004041733.1	9
cds-WP_004041735.1	3
cds-WP_004041736.1	10
cds-WP_004041737.1	2
cds-WP_004041738.1	3
cds-WP_004041739.1	10
cds-WP_004041740.1	69
cds-WP_004041741.1	6
cds-WP_004041743.1	6
cds-WP_004041744.1	5
cds-WP_004041746.1	10
cds-WP_004041747.1	3
cds-WP_004041748.1	2
cds-WP_004041749.1	10
cds-WP_004041750.1	2
cds-WP_004041751.1	13
cds-WP_004041752.1	16
cds-WP_004041753.1	99
cds-WP_004041755.1	6
cds-WP_004041756.1	23
cds-WP_004041757.1	2
cds-WP_004041758.1	1
cds-WP_004041759.1	2
cds-WP_004041760.1	7
cds-WP_004041761.1	3
cds-WP_004041762.1	36
cds-WP_004041763.1	1
cds-WP_004041766.1	7
cds-WP_004041767.1	4
cds-WP_004041768.1	5
cds-WP_004041769.1	7
cds-WP_004041770.1	1
cds-WP_004041771.1	2
cds-WP_004041772.1	0
cds-WP_004041773.1	3
cds-WP_004041774.1	4
cds-WP_004041775.1	24
cds-WP_004041776.1	12
cds-WP_004041777.1	14
cds-WP_004041778.1	11
cds-WP_004041779.1	0
cds-WP_004041780.1	2
cds-WP_004041783.1	10
cds-WP_004041784.1	10
cds-WP_004041785.1	0
cds-WP_004041786.1	2
cds-WP_004041787.1	1
cds-WP_004041788.1	14
cds-WP_004041789.1	3
cds-WP_004041792.1	0
cds-WP_004041794.1	0
cds-WP_004041795.1	31
cds-WP_004041796.1	35
cds-WP_004041797.1	9
cds-WP_004041799.1	18
cds-WP_004041800.1	14
cds-WP_004041801.1	2
cds-WP_004041802.1	15
cds-WP_004041803.1	2
cds-WP_004041804.1	0
cds-WP_004041805.1	5
cds-WP_004041806.1	8
cds-WP_004041807.1	1
cds-WP_004041808.1	2
cds-WP_004041809.1	15
cds-WP_004041810.1	3
cds-WP_004041812.1	2
cds-WP_004041813.1	5
cds-WP_004041814.1	0
cds-WP_004041815.1	0
cds-WP_004041816.1	5
cds-WP_004041817.1	0
cds-WP_004041818.1	3
cds-WP_004041819.1	5
cds-WP_004041820.1	8
cds-WP_004041821.1	4
cds-WP_004041822.1	2
cds-WP_004041823.1	3
cds-WP_004041824.1	7
cds-WP_004041825.1	6
cds-WP_004041826.1	68
cds-WP_004041827.1	0
cds-WP_004041828.1	0
cds-WP_004041829.1	1
cds-WP_004041830.1	1
cds-WP_004041831.1	5
cds-WP_004041834.1	11
cds-WP_004041835.1	151
cds-WP_004041836.1	1
cds-WP_004041838.1	3
cds-WP_004041839.1	1
cds-WP_004041840.1	18
cds-WP_004041841.1	24
cds-WP_004041843.1	10
cds-WP_004041844.1	4
cds-WP_004041845.1	4
cds-WP_004041846.1	1
cds-WP_004041847.1	8
cds-WP_004041848.1	1
cds-WP_004041849.1	1
cds-WP_004041850.1	0
cds-WP_004041851.1	5
cds-WP_004041852.1	16
cds-WP_004041853.1	5
cds-WP_004041854.1	5
cds-WP_004041855.1	40
cds-WP_004041856.1	355
cds-WP_004041859.1	33
cds-WP_004041860.1	18
cds-WP_004041861.1	19
cds-WP_004041864.1	7
cds-WP_004041865.1	0
cds-WP_004041866.1	0
cds-WP_004041867.1	1
cds-WP_004041868.1	0
cds-WP_004041869.1	3
cds-WP_004041870.1	11
cds-WP_004041871.1	1
cds-WP_004041872.1	21
cds-WP_004041873.1	401
cds-WP_004041874.1	10
cds-WP_004041875.1	0
cds-WP_004041876.1	1
cds-WP_004041878.1	8
cds-WP_004041879.1	8
cds-WP_004041880.1	9
cds-WP_004041881.1	0
cds-WP_004041882.1	2
cds-WP_004041883.1	2
cds-WP_004041887.1	2
cds-WP_004041889.1	7
cds-WP_004041891.1	1
cds-WP_004041892.1	13
cds-WP_004041893.1	0
cds-WP_004041894.1	3
cds-WP_004041895.1	12
cds-WP_004041896.1	0
cds-WP_004041897.1	3
cds-WP_004041898.1	0
cds-WP_004041899.1	9
cds-WP_004041900.1	0
cds-WP_004041901.1	22
cds-WP_004041902.1	4
cds-WP_004041903.1	8
cds-WP_004041905.1	1
cds-WP_004041906.1	2
cds-WP_004041907.1	3
cds-WP_004041908.1	0
cds-WP_004041909.1	3
cds-WP_004041910.1	1
cds-WP_004041911.1	0
cds-WP_004041912.1	1
cds-WP_004041915.1	2
cds-WP_004041916.1	9
cds-WP_004041917.1	2
cds-WP_004041918.1	2
cds-WP_004041919.1	0
cds-WP_004041920.1	2
cds-WP_004041921.1	0
cds-WP_004041922.1	129
cds-WP_004041923.1	0
cds-WP_004041925.1	4
cds-WP_004041926.1	1
cds-WP_004041927.1	5
cds-WP_004041928.1	0
cds-WP_004041930.1	0
cds-WP_004041932.1	4
cds-WP_004041933.1	1
cds-WP_004041934.1	0
cds-WP_004041935.1	5
cds-WP_004041937.1	5
cds-WP_004041938.1	11
cds-WP_004041939.1	4
cds-WP_004041940.1	7
cds-WP_004041941.1	5
cds-WP_004041942.1	0
cds-WP_004041944.1	1
cds-WP_004041945.1	1
cds-WP_004041946.1	2
cds-WP_004041947.1	218
cds-WP_004041948.1	4
cds-WP_004041949.1	20
cds-WP_004041950.1	13
cds-WP_004041951.1	17
cds-WP_004041952.1	3
cds-WP_004041953.1	8
cds-WP_004041954.1	14
cds-WP_004041957.1	7
cds-WP_004041958.1	9
cds-WP_004041959.1	47
cds-WP_004041961.1	1
cds-WP_004041963.1	9
cds-WP_004041964.1	25
cds-WP_004041965.1	3
cds-WP_004041966.1	3
cds-WP_004041967.1	3
cds-WP_004041968.1	0
cds-WP_004041970.1	6
cds-WP_004041971.1	6
cds-WP_004041972.1	4
cds-WP_004041973.1	0
cds-WP_004041975.1	1
cds-WP_004041976.1	1
cds-WP_004041977.1	5
cds-WP_004041978.1	20
cds-WP_004041979.1	2
cds-WP_004041980.1	1
cds-WP_004041981.1	3
cds-WP_004041982.1	1
cds-WP_004041983.1	0
cds-WP_004041985.1	1
cds-WP_004041986.1	0
cds-WP_004041987.1	0
cds-WP_004041988.1	0
cds-WP_004041989.1	0
cds-WP_004041990.1	0
cds-WP_004041991.1	1
cds-WP_004041992.1	0
cds-WP_004041993.1	0
cds-WP_004041998.1	0
cds-WP_004042001.1	0
cds-WP_004042002.1	1
cds-WP_004042003.1	0
cds-WP_004042004.1	0
cds-WP_004042005.1	0
cds-WP_004042006.1	2
cds-WP_004042007.1	1
cds-WP_004042008.1	0
cds-WP_004042009.1	3
cds-WP_004042010.1	11
cds-WP_004042011.1	2
cds-WP_004042012.1	1
cds-WP_004042013.1	4
cds-WP_004042014.1	10
cds-WP_004042015.1	8
cds-WP_004042016.1	0
cds-WP_004042017.1	0
cds-WP_004042018.1	1
cds-WP_004042019.1	0
cds-WP_004042020.1	0
cds-WP_004042021.1	19
cds-WP_004042022.1	2
cds-WP_004042023.1	3
cds-WP_004042025.1	0
cds-WP_004042026.1	0
cds-WP_004042027.1	0
cds-WP_004042028.1	4
cds-WP_004042029.1	4
cds-WP_004042030.1	1
cds-WP_004042031.1	1
cds-WP_004042032.1	1
cds-WP_004042033.1	106
cds-WP_004042034.1	0
cds-WP_004042036.1	130
cds-WP_004042038.1	7
cds-WP_004042039.1	29
cds-WP_004042040.1	3
cds-WP_004042042.1	0
cds-WP_004042044.1	44
cds-WP_004042045.1	5
cds-WP_004042046.1	0
cds-WP_004042048.1	0
cds-WP_004042050.1	1
cds-WP_004042054.1	1
cds-WP_004042058.1	0
cds-WP_004042059.1	1
cds-WP_004042060.1	4
cds-WP_004042061.1	5
cds-WP_004042063.1	3
cds-WP_004042064.1	14
cds-WP_004042065.1	2
cds-WP_004042066.1	33
cds-WP_004042067.1	22
cds-WP_004042069.1	0
cds-WP_004042070.1	0
cds-WP_004042071.1	0
cds-WP_004042072.1	0
cds-WP_004042073.1	0
cds-WP_004042074.1	0
cds-WP_004042075.1	12
cds-WP_004042076.1	1
cds-WP_004042077.1	1
cds-WP_004042078.1	5
cds-WP_004042080.1	6
cds-WP_004042081.1	0
cds-WP_004042082.1	4
cds-WP_004042083.1	7
cds-WP_004042084.1	0
cds-WP_004042085.1	2
cds-WP_004042086.1	13
cds-WP_004042087.1	2
cds-WP_004042088.1	0
cds-WP_004042089.1	1
cds-WP_004042090.1	2
cds-WP_004042091.1	0
cds-WP_004042092.1	9
cds-WP_004042093.1	1
cds-WP_004042094.1	3
cds-WP_004042095.1	9
cds-WP_004042096.1	27
cds-WP_004042098.1	1
cds-WP_004042099.1	4
cds-WP_004042100.1	1
cds-WP_004042101.1	6
cds-WP_004042102.1	1
cds-WP_004042103.1	0
cds-WP_004042105.1	2
cds-WP_004042106.1	17
cds-WP_004042107.1	2
cds-WP_004042108.1	10
cds-WP_004042109.1	16
cds-WP_004042110.1	4
cds-WP_004042111.1	5
cds-WP_004042112.1	0
cds-WP_004042113.1	0
cds-WP_004042114.1	7
cds-WP_004042115.1	55
cds-WP_004042117.1	89
cds-WP_004042118.1	9
cds-WP_004042119.1	0
cds-WP_004042120.1	1
cds-WP_004042121.1	6
cds-WP_004042122.1	9
cds-WP_004042123.1	4
cds-WP_004042124.1	0
cds-WP_004042125.1	1
cds-WP_004042126.1	5
cds-WP_004042127.1	3
cds-WP_004042128.1	130
cds-WP_004042129.1	1
cds-WP_004042130.1	70
cds-WP_004042131.1	51
cds-WP_004042134.1	1
cds-WP_004042135.1	7
cds-WP_004042136.1	4
cds-WP_004042137.1	5
cds-WP_004042138.1	0
cds-WP_004042142.1	0
cds-WP_004042143.1	6
cds-WP_004042144.1	4
cds-WP_004042145.1	0
cds-WP_004042147.1	0
cds-WP_004042148.1	0
cds-WP_004042149.1	8
cds-WP_004042150.1	0
cds-WP_004042151.1	0
cds-WP_004042153.1	1
cds-WP_004042154.1	2
cds-WP_004042159.1	0
cds-WP_004042160.1	0
cds-WP_004042166.1	0
cds-WP_004042167.1	2
cds-WP_004042168.1	0
cds-WP_004042169.1	0
cds-WP_004042170.1	0
cds-WP_004042171.1	0
cds-WP_004042172.1	0
cds-WP_004042173.1	0
cds-WP_004042175.1	0
cds-WP_004042177.1	6
cds-WP_004042178.1	0
cds-WP_004042179.1	1
cds-WP_004042185.1	0
cds-WP_004042186.1	5
cds-WP_004042188.1	2
cds-WP_004042190.1	5
cds-WP_004042193.1	3
cds-WP_004042194.1	4
cds-WP_004042195.1	9
cds-WP_004042196.1	3
cds-WP_004042197.1	1
cds-WP_004042199.1	14
cds-WP_004042200.1	12
cds-WP_004042201.1	1
cds-WP_004042202.1	1
cds-WP_004042203.1	35
cds-WP_004042204.1	10
cds-WP_004042205.1	5
cds-WP_004042206.1	5
cds-WP_004042207.1	10
cds-WP_004042208.1	5
cds-WP_004042209.1	1
cds-WP_004042210.1	5
cds-WP_004042211.1	8
cds-WP_004042213.1	15
cds-WP_004042215.1	1
cds-WP_004042216.1	4
cds-WP_004042217.1	8
cds-WP_004042218.1	0
cds-WP_004042219.1	2
cds-WP_004042220.1	1
cds-WP_004042221.1	1
cds-WP_004042222.1	12
cds-WP_004042223.1	12
cds-WP_004042224.1	2
cds-WP_004042225.1	5
cds-WP_004042226.1	32
cds-WP_004042227.1	55
cds-WP_004042228.1	4
cds-WP_004042229.1	11
cds-WP_004042230.1	2
cds-WP_004042231.1	2
cds-WP_004042232.1	14
cds-WP_004042233.1	0
cds-WP_004042234.1	6
cds-WP_004042235.1	43
cds-WP_004042237.1	5
cds-WP_004042238.1	12
cds-WP_004042239.1	3
cds-WP_004042242.1	13
cds-WP_004042244.1	12
cds-WP_004042246.1	2
cds-WP_004042247.1	1
cds-WP_004042248.1	2
cds-WP_004042249.1	0
cds-WP_004042250.1	8
cds-WP_004042251.1	1
cds-WP_004042252.1	4
cds-WP_004042253.1	5
cds-WP_004042254.1	2
cds-WP_004042255.1	6
cds-WP_004042256.1	4
cds-WP_004042257.1	0
cds-WP_004042258.1	2
cds-WP_004042259.1	3
cds-WP_004042260.1	2
cds-WP_004042261.1	8
cds-WP_004042262.1	41
cds-WP_004042263.1	11
cds-WP_004042264.1	3
cds-WP_004042265.1	5
cds-WP_004042266.1	2
cds-WP_004042267.1	12
cds-WP_004042268.1	12
cds-WP_004042269.1	80
cds-WP_004042270.1	10
cds-WP_004042271.1	3
cds-WP_004042272.1	12
cds-WP_004042273.1	377
cds-WP_004042274.1	2
cds-WP_004042275.1	5
cds-WP_004042276.1	1
cds-WP_004042277.1	3
cds-WP_004042278.1	1
cds-WP_004042279.1	0
cds-WP_004042280.1	2
cds-WP_004042283.1	0
cds-WP_004042284.1	40
cds-WP_004042285.1	1
cds-WP_004042286.1	2
cds-WP_004042287.1	1
cds-WP_004042288.1	1
cds-WP_004042289.1	2
cds-WP_004042290.1	12
cds-WP_004042291.1	3
cds-WP_004042292.1	1
cds-WP_004042293.1	4
cds-WP_004042294.1	0
cds-WP_004042295.1	1
cds-WP_004042296.1	0
cds-WP_004042297.1	3
cds-WP_004042298.1	2
cds-WP_004042299.1	7
cds-WP_004042300.1	1
cds-WP_004042301.1	16
cds-WP_004042302.1	14
cds-WP_004042303.1	0
cds-WP_004042304.1	4
cds-WP_004042305.1	2
cds-WP_004042306.1	25
cds-WP_004042307.1	18
cds-WP_004042308.1	12
cds-WP_004042310.1	1
cds-WP_004042311.1	0
cds-WP_004042312.1	4
cds-WP_004042313.1	15
cds-WP_004042314.1	17
cds-WP_004042315.1	0
cds-WP_004042317.1	7
cds-WP_004042318.1	4
cds-WP_004042320.1	2
cds-WP_004042321.1	10
cds-WP_004042323.1	4
cds-WP_004042325.1	14
cds-WP_004042326.1	28
cds-WP_004042327.1	59
cds-WP_004042328.1	4
cds-WP_004042329.1	16
cds-WP_004042331.1	5
cds-WP_004042333.1	16
cds-WP_004042340.1	1
cds-WP_004042345.1	12
cds-WP_004042347.1	0
cds-WP_004042348.1	10
cds-WP_004042350.1	5
cds-WP_004042352.1	0
cds-WP_004042355.1	4
cds-WP_004042357.1	11
cds-WP_004042359.1	17
cds-WP_004042360.1	37
cds-WP_004042362.1	0
cds-WP_004042365.1	1
cds-WP_004042367.1	1
cds-WP_004042369.1	0
cds-WP_004042371.1	1
cds-WP_004042373.1	0
cds-WP_004042374.1	6
cds-WP_004042375.1	1
cds-WP_004042376.1	10
cds-WP_004042381.1	17
cds-WP_004042383.1	6
cds-WP_004042398.1	6
cds-WP_004042400.1	1
cds-WP_004042402.1	20
cds-WP_004042404.1	3
cds-WP_004042406.1	5
cds-WP_004042408.1	0
cds-WP_004042410.1	0
cds-WP_004042412.1	14
cds-WP_004042417.1	13
cds-WP_004042419.1	0
cds-WP_004042421.1	2
cds-WP_004042422.1	0
cds-WP_004042423.1	2
cds-WP_004042424.1	0
cds-WP_004042426.1	2
cds-WP_004042428.1	5
cds-WP_004042430.1	3
cds-WP_004042431.1	1
cds-WP_004042434.1	8
cds-WP_004042436.1	24
cds-WP_004042439.1	1
cds-WP_004042445.1	1
cds-WP_004042448.1	5
cds-WP_004042450.1	0
cds-WP_004042452.1	2
cds-WP_004042454.1	7
cds-WP_004042456.1	16
cds-WP_004042457.1	4
cds-WP_004042459.1	2
cds-WP_004042461.1	6
cds-WP_004042463.1	2
cds-WP_004042465.1	15
cds-WP_004042467.1	6
cds-WP_004042470.1	7
cds-WP_004042471.1	6
cds-WP_004042473.1	3
cds-WP_004042475.1	1
cds-WP_004042477.1	1
cds-WP_004042482.1	0
cds-WP_004042483.1	6
cds-WP_004042484.1	6
cds-WP_004042485.1	5
cds-WP_004042487.1	2
cds-WP_004042489.1	2
cds-WP_004042491.1	4
cds-WP_004042493.1	7
cds-WP_004042494.1	7
cds-WP_004042496.1	13
cds-WP_004042498.1	6
cds-WP_004042499.1	6
cds-WP_004042501.1	17
cds-WP_004042504.1	5
cds-WP_004042506.1	1
cds-WP_004042510.1	2
cds-WP_004042512.1	43
cds-WP_004042518.1	3
cds-WP_004042521.1	1
cds-WP_004042523.1	4
cds-WP_004042524.1	0
cds-WP_004042526.1	3
cds-WP_004042529.1	14
cds-WP_004042531.1	0
cds-WP_004042533.1	4
cds-WP_004042535.1	2
cds-WP_004042539.1	8
cds-WP_004042542.1	5
cds-WP_004042543.1	9
cds-WP_004042554.1	10
cds-WP_004042558.1	209
cds-WP_004042560.1	1
cds-WP_004042563.1	1
cds-WP_004042565.1	4
cds-WP_004042567.1	1
cds-WP_004042571.1	8
cds-WP_004042575.1	1
cds-WP_004042581.1	2
cds-WP_004042587.1	0
cds-WP_004042589.1	3
cds-WP_004042591.1	7
cds-WP_004042593.1	0
cds-WP_004042597.1	2
cds-WP_004042600.1	23
cds-WP_004042603.1	0
cds-WP_004042606.1	12
cds-WP_004042608.1	1
cds-WP_004042610.1	3
cds-WP_004042612.1	5
cds-WP_004042614.1	0
cds-WP_004042616.1	13
cds-WP_004042618.1	13
cds-WP_004042620.1	2429
cds-WP_004042623.1	3
cds-WP_004042625.1	0
cds-WP_004042626.1	0
cds-WP_004042629.1	4
cds-WP_004042630.1	6
cds-WP_004042632.1	4
cds-WP_004042635.1	5
cds-WP_004042637.1	10
cds-WP_004042638.1	5
cds-WP_004042640.1	2
cds-WP_004042643.1	1
cds-WP_004042645.1	2
cds-WP_004042648.1	1
cds-WP_004042650.1	3
cds-WP_004042652.1	15
cds-WP_004042654.1	3
cds-WP_004042655.1	1
cds-WP_004042656.1	12
cds-WP_004042657.1	0
cds-WP_004042658.1	49
cds-WP_004042661.1	22
cds-WP_004042663.1	7
cds-WP_004042666.1	3
cds-WP_004042667.1	1
cds-WP_004042670.1	1
cds-WP_004042674.1	2
cds-WP_004042676.1	0
cds-WP_004042678.1	2
cds-WP_004042680.1	2
cds-WP_004042684.1	1
cds-WP_004042686.1	3
cds-WP_004042688.1	2
cds-WP_004042691.1	2
cds-WP_004042693.1	10
cds-WP_004042699.1	8
cds-WP_004042701.1	5
cds-WP_004042703.1	2
cds-WP_004042705.1	4
cds-WP_004042707.1	8
cds-WP_004042710.1	5
cds-WP_004042712.1	4
cds-WP_004042714.1	1
cds-WP_004042717.1	3
cds-WP_004042719.1	5
cds-WP_004042720.1	8
cds-WP_004042721.1	55
cds-WP_004042722.1	8
cds-WP_004042726.1	6
cds-WP_004042728.1	1
cds-WP_004042731.1	7
cds-WP_004042733.1	4
cds-WP_004042736.1	2
cds-WP_004042738.1	1
cds-WP_004042739.1	3
cds-WP_004042741.1	3
cds-WP_004042743.1	1
cds-WP_004042745.1	1
cds-WP_004042747.1	5
cds-WP_004042749.1	4
cds-WP_004042751.1	1
cds-WP_004042753.1	10
cds-WP_004042756.1	4
cds-WP_004042758.1	5
cds-WP_004042760.1	2
cds-WP_004042761.1	3
cds-WP_004042762.1	0
cds-WP_004042763.1	7
cds-WP_004042764.1	5
cds-WP_004042765.1	5
cds-WP_004042766.1	4
cds-WP_004042767.1	6
cds-WP_004042768.1	3
cds-WP_004042769.1	7
cds-WP_004042773.1	6
cds-WP_004042775.1	14
cds-WP_004042777.1	14
cds-WP_004042779.1	5
cds-WP_004042781.1	0
cds-WP_004042783.1	0
cds-WP_004042785.1	1
cds-WP_004042787.1	2
cds-WP_004042789.1	3
cds-WP_004042793.1	2
cds-WP_004042795.1	0
cds-WP_004042796.1	4
cds-WP_004042798.1	11
cds-WP_004042800.1	6
cds-WP_004042803.1	0
cds-WP_004042805.1	2
cds-WP_004042823.1	2
cds-WP_004042824.1	3
cds-WP_004042825.1	51
cds-WP_004042827.1	2
cds-WP_004042829.1	1
cds-WP_004042830.1	1
cds-WP_004042832.1	7
cds-WP_004042834.1	10
cds-WP_004042835.1	19
cds-WP_004042840.1	3
cds-WP_004042846.1	4
cds-WP_004042848.1	3
cds-WP_004042849.1	26
cds-WP_004042852.1	16
cds-WP_004042854.1	2
cds-WP_004042855.1	4
cds-WP_004042857.1	3
cds-WP_004042859.1	5
cds-WP_004042861.1	13
cds-WP_004042862.1	10
cds-WP_004042869.1	1
cds-WP_004042874.1	16
cds-WP_004042875.1	4
cds-WP_004042882.1	3
cds-WP_004042883.1	15
cds-WP_004042885.1	7
cds-WP_004042886.1	35
cds-WP_004042888.1	5
cds-WP_004042890.1	25
cds-WP_004042892.1	25
cds-WP_004042895.1	2
cds-WP_004042896.1	7
cds-WP_004042898.1	13
cds-WP_004042900.1	3
cds-WP_004042901.1	4
cds-WP_004042903.1	24
cds-WP_004042904.1	0
cds-WP_004042907.1	5
cds-WP_004042908.1	2
cds-WP_004042910.1	2
cds-WP_004042912.1	1
cds-WP_004042913.1	2
cds-WP_004042917.1	18
cds-WP_004042919.1	9
cds-WP_004042922.1	16
cds-WP_004042923.1	2
cds-WP_004042925.1	11
cds-WP_004042936.1	17
cds-WP_004042938.1	1
cds-WP_004042940.1	20
cds-WP_004042941.1	96
cds-WP_004042943.1	15
cds-WP_004042944.1	2
cds-WP_004042946.1	3
cds-WP_004042948.1	8
cds-WP_004042951.1	0
cds-WP_004042952.1	3
cds-WP_004042954.1	0
cds-WP_004042956.1	2
cds-WP_004042960.1	9
cds-WP_004042964.1	42
cds-WP_004042966.1	0
cds-WP_004042968.1	2
cds-WP_004042970.1	59
cds-WP_004042972.1	0
cds-WP_004042974.1	2
cds-WP_004042976.1	4
cds-WP_004042978.1	1
cds-WP_004042980.1	0
cds-WP_004042983.1	1
cds-WP_004042985.1	11
cds-WP_004042989.1	17
cds-WP_004042991.1	5
cds-WP_004042992.1	8
cds-WP_004042994.1	55
cds-WP_004042995.1	25
cds-WP_004042997.1	2
cds-WP_004042999.1	2
cds-WP_004043001.1	69
cds-WP_004043002.1	18
cds-WP_004043003.1	103
cds-WP_004043005.1	65
cds-WP_004043006.1	6
cds-WP_004043008.1	3
cds-WP_004043009.1	4
cds-WP_004043010.1	1
cds-WP_004043011.1	1
cds-WP_004043012.1	1
cds-WP_004043013.1	7
cds-WP_004043014.1	5
cds-WP_004043015.1	0
cds-WP_004043016.1	6
cds-WP_004043017.1	3
cds-WP_004043018.1	3
cds-WP_004043019.1	106
cds-WP_004043020.1	33
cds-WP_004043021.1	0
cds-WP_004043022.1	0
cds-WP_004043023.1	3
cds-WP_004043024.1	2
cds-WP_004043025.1	9
cds-WP_004043026.1	55
cds-WP_004043027.1	3
cds-WP_004043028.1	1
cds-WP_004043029.1	46
cds-WP_004043030.1	2
cds-WP_004043031.1	8
cds-WP_004043032.1	1
cds-WP_004043033.1	21
cds-WP_004043034.1	24
cds-WP_004043035.1	8
cds-WP_004043036.1	2
cds-WP_004043037.1	1
cds-WP_004043038.1	5
cds-WP_004043039.1	6
cds-WP_004043040.1	6
cds-WP_004043043.1	1
cds-WP_004043044.1	2
cds-WP_004043045.1	1
cds-WP_004043046.1	4
cds-WP_004043047.1	8
cds-WP_004043048.1	10
cds-WP_004043049.1	14
cds-WP_004043050.1	24
cds-WP_004043051.1	4
cds-WP_004043052.1	1
cds-WP_004043053.1	6
cds-WP_004043054.1	8
cds-WP_004043055.1	14
cds-WP_004043056.1	5
cds-WP_004043057.1	29
cds-WP_004043058.1	4
cds-WP_004043427.1	8
cds-WP_004043428.1	0
cds-WP_004043429.1	2
cds-WP_004043430.1	0
cds-WP_004043431.1	1
cds-WP_004043432.1	0
cds-WP_004043433.1	3
cds-WP_004043434.1	0
cds-WP_004043435.1	5
cds-WP_004043436.1	12
cds-WP_004043437.1	1
cds-WP_004043438.1	0
cds-WP_004043439.1	11
cds-WP_004043441.1	22
cds-WP_004043442.1	10
cds-WP_004043443.1	3
cds-WP_004043444.1	6
cds-WP_004043445.1	1
cds-WP_004043446.1	0
cds-WP_004043447.1	69
cds-WP_004043448.1	3
cds-WP_004043449.1	1
cds-WP_004043450.1	11
cds-WP_004043451.1	6
cds-WP_004043453.1	28
cds-WP_004043454.1	198
cds-WP_004043455.1	1
cds-WP_004043456.1	5
cds-WP_004043457.1	46
cds-WP_004043458.1	9
cds-WP_004043459.1	0
cds-WP_004043460.1	4
cds-WP_004043461.1	8
cds-WP_004043462.1	42
cds-WP_004043463.1	6
cds-WP_004043464.1	4
cds-WP_004043465.1	11
cds-WP_004043466.1	2
cds-WP_004043467.1	9
cds-WP_004043468.1	0
cds-WP_004043469.1	1
cds-WP_004043470.1	5
cds-WP_004043471.1	18
cds-WP_004043472.1	3
cds-WP_004043475.1	2
cds-WP_004043476.1	11
cds-WP_004043478.1	11
cds-WP_004043480.1	0
cds-WP_004043481.1	12
cds-WP_004043482.1	19
cds-WP_004043483.1	6
cds-WP_004043484.1	47
cds-WP_004043485.1	0
cds-WP_004043486.1	2
cds-WP_004043487.1	0
cds-WP_004043488.1	11
cds-WP_004043489.1	6
cds-WP_004043490.1	3
cds-WP_004043491.1	12
cds-WP_004043492.1	3
cds-WP_004043493.1	3
cds-WP_004043494.1	7
cds-WP_004043495.1	3
cds-WP_004043496.1	4
cds-WP_004043497.1	4
cds-WP_004043498.1	7
cds-WP_004043499.1	4
cds-WP_004043501.1	1
cds-WP_004043502.1	0
cds-WP_004043503.1	0
cds-WP_004043504.1	4
cds-WP_004043505.1	0
cds-WP_004043506.1	0
cds-WP_004043507.1	1
cds-WP_004043508.1	0
cds-WP_004043509.1	2
cds-WP_004043510.1	2
cds-WP_004043512.1	0
cds-WP_004043513.1	0
cds-WP_004043518.1	1
cds-WP_004043519.1	5
cds-WP_004043522.1	4
cds-WP_004043523.1	2
cds-WP_004043524.1	20
cds-WP_004043525.1	9
cds-WP_004043526.1	4
cds-WP_004043528.1	3
cds-WP_004043529.1	3
cds-WP_004043530.1	2
cds-WP_004043531.1	20
cds-WP_004043533.1	5
cds-WP_004043534.1	0
cds-WP_004043535.1	3
cds-WP_004043536.1	15
cds-WP_004043537.1	37
cds-WP_004043538.1	6
cds-WP_004043539.1	1
cds-WP_004043540.1	4
cds-WP_004043541.1	9
cds-WP_004043545.1	7
cds-WP_004043546.1	1
cds-WP_004043547.1	7
cds-WP_004043548.1	7
cds-WP_004043549.1	3
cds-WP_004043550.1	8
cds-WP_004043551.1	8
cds-WP_004043553.1	5
cds-WP_004043555.1	0
cds-WP_004043556.1	4
cds-WP_004043558.1	3
cds-WP_004043559.1	3
cds-WP_004043561.1	0
cds-WP_004043562.1	0
cds-WP_004043563.1	1
cds-WP_004043564.1	8
cds-WP_004043565.1	1
cds-WP_004043566.1	7
cds-WP_004043568.1	1
cds-WP_004043569.1	12
cds-WP_004043570.1	13
cds-WP_004043571.1	5
cds-WP_004043572.1	0
cds-WP_004043573.1	3
cds-WP_004043574.1	3
cds-WP_004043575.1	0
cds-WP_004043576.1	0
cds-WP_004043577.1	0
cds-WP_004043578.1	0
cds-WP_004043579.1	18
cds-WP_004043580.1	14
cds-WP_004043581.1	1
cds-WP_004043582.1	19
cds-WP_004043583.1	6
cds-WP_004043584.1	2
cds-WP_004043585.1	5
cds-WP_004043588.1	5
cds-WP_004043590.1	6
cds-WP_004043591.1	1
cds-WP_004043592.1	13
cds-WP_004043593.1	4
cds-WP_004043594.1	19
cds-WP_004043595.1	4
cds-WP_004043596.1	9
cds-WP_004043597.1	4
cds-WP_004043598.1	3
cds-WP_004043599.1	5
cds-WP_004043600.1	3
cds-WP_004043601.1	6
cds-WP_004043602.1	2
cds-WP_004043604.1	1
cds-WP_004043605.1	7
cds-WP_004043606.1	2
cds-WP_004043607.1	8
cds-WP_004043608.1	2
cds-WP_004043609.1	0
cds-WP_004043610.1	1
cds-WP_004043611.1	18
cds-WP_004043613.1	0
cds-WP_004043614.1	2
cds-WP_004043615.1	1
cds-WP_004043616.1	0
cds-WP_004043618.1	0
cds-WP_004043621.1	0
cds-WP_004043622.1	3
cds-WP_004043623.1	2
cds-WP_004043624.1	4
cds-WP_004043626.1	20
cds-WP_004043627.1	8
cds-WP_004043628.1	5
cds-WP_004043629.1	0
cds-WP_004043630.1	0
cds-WP_004043631.1	3
cds-WP_004043632.1	44
cds-WP_004043633.1	65
cds-WP_004043634.1	2
cds-WP_004043635.1	6
cds-WP_004043636.1	23
cds-WP_004043637.1	8
cds-WP_004043640.1	2
cds-WP_004043641.1	0
cds-WP_004043642.1	3
cds-WP_004043643.1	1
cds-WP_004043644.1	2
cds-WP_004043645.1	4
cds-WP_004043646.1	4
cds-WP_004043648.1	3
cds-WP_004043649.1	21
cds-WP_004043650.1	31
cds-WP_004043652.1	81
cds-WP_004043653.1	7
cds-WP_004043654.1	0
cds-WP_004043655.1	5
cds-WP_004043656.1	6
cds-WP_004043657.1	1
cds-WP_004043658.1	2
cds-WP_004043659.1	0
cds-WP_004043660.1	0
cds-WP_004043661.1	3
cds-WP_004043662.1	1
cds-WP_004043663.1	6
cds-WP_004043664.1	92
cds-WP_004043665.1	31
cds-WP_004043666.1	16
cds-WP_004043667.1	56
cds-WP_004043668.1	4
cds-WP_004043671.1	24
cds-WP_004043672.1	7
cds-WP_004043673.1	10
cds-WP_004043674.1	2
cds-WP_004043675.1	2
cds-WP_004043676.1	2
cds-WP_004043677.1	1
cds-WP_004043678.1	2
cds-WP_004043679.1	7
cds-WP_004043680.1	0
cds-WP_004043681.1	8
cds-WP_004043682.1	1
cds-WP_004043683.1	0
cds-WP_004043684.1	3
cds-WP_004043688.1	5
cds-WP_004043689.1	15
cds-WP_004043690.1	2
cds-WP_004043691.1	4
cds-WP_004043692.1	5
cds-WP_004043693.1	4
cds-WP_004043694.1	10
cds-WP_004043695.1	2
cds-WP_004043696.1	12
cds-WP_004043697.1	5
cds-WP_004043698.1	1
cds-WP_004043699.1	7
cds-WP_004043700.1	7
cds-WP_004043701.1	10
cds-WP_004043702.1	6
cds-WP_004043703.1	2
cds-WP_004043704.1	3
cds-WP_004043705.1	3
cds-WP_004043706.1	14
cds-WP_004043707.1	5
cds-WP_004043708.1	3
cds-WP_004043709.1	2
cds-WP_004043710.1	2
cds-WP_004043711.1	2
cds-WP_004043713.1	1
cds-WP_004043715.1	5
cds-WP_004043716.1	0
cds-WP_004043717.1	25
cds-WP_004043718.1	13
cds-WP_004043719.1	8
cds-WP_004043720.1	1
cds-WP_004043721.1	6
cds-WP_004043722.1	0
cds-WP_004043724.1	2
cds-WP_004043725.1	4
cds-WP_004043726.1	0
cds-WP_004043727.1	1
cds-WP_004043728.1	3
cds-WP_004043729.1	18
cds-WP_004043730.1	11
cds-WP_004043732.1	41
cds-WP_004043733.1	9
cds-WP_004043734.1	26
cds-WP_004043735.1	2
cds-WP_004043736.1	16
cds-WP_004043737.1	11
cds-WP_004043738.1	70
cds-WP_004043739.1	16
cds-WP_004043740.1	19
cds-WP_004043741.1	23
cds-WP_004043742.1	9
cds-WP_004043743.1	44
cds-WP_004043744.1	46
cds-WP_004043745.1	6
cds-WP_004043746.1	5
cds-WP_004043747.1	1
cds-WP_004043750.1	14
cds-WP_004043751.1	4
cds-WP_004043752.1	131
cds-WP_004043753.1	3
cds-WP_004043754.1	21
cds-WP_004043755.1	102
cds-WP_004043756.1	4
cds-WP_004043757.1	9
cds-WP_004043758.1	2
cds-WP_004043759.1	0
cds-WP_004043760.1	5
cds-WP_004043761.1	2
cds-WP_004043762.1	8
cds-WP_004043764.1	7
cds-WP_004043765.1	12
cds-WP_004043766.1	3
cds-WP_004043767.1	3
cds-WP_004043768.1	3
cds-WP_004043769.1	12
cds-WP_004043770.1	9
cds-WP_004043771.1	11
cds-WP_004043772.1	7
cds-WP_004043774.1	3
cds-WP_004043775.1	2
cds-WP_004043776.1	21
cds-WP_004043777.1	5
cds-WP_004043778.1	1
cds-WP_004043779.1	29
cds-WP_004043780.1	3
cds-WP_004043781.1	6
cds-WP_004043782.1	0
cds-WP_004043783.1	0
cds-WP_004043784.1	0
cds-WP_004043785.1	1
cds-WP_004043786.1	0
cds-WP_004043787.1	9
cds-WP_004043788.1	17
cds-WP_004043790.1	7
cds-WP_004043791.1	19
cds-WP_004043792.1	1
cds-WP_004043793.1	10
cds-WP_004043795.1	0
cds-WP_004043796.1	1
cds-WP_004043797.1	6
cds-WP_004043799.1	17
cds-WP_004043800.1	4
cds-WP_004043801.1	2
cds-WP_004043802.1	10
cds-WP_004043803.1	29
cds-WP_004043804.1	94
cds-WP_004043805.1	15
cds-WP_004043807.1	44
cds-WP_004043808.1	4
cds-WP_004043809.1	4
cds-WP_004043810.1	5
cds-WP_004043811.1	20
cds-WP_004043812.1	13
cds-WP_004043813.1	1
cds-WP_004043814.1	19
cds-WP_004043815.1	3
cds-WP_004043816.1	67
cds-WP_004043817.1	1
cds-WP_004043818.1	46
cds-WP_004043820.1	82
cds-WP_004043821.1	14
cds-WP_004043822.1	0
cds-WP_004043823.1	2
cds-WP_004043824.1	7
cds-WP_004043825.1	8
cds-WP_004043826.1	0
cds-WP_004043827.1	9
cds-WP_004043828.1	0
cds-WP_004043829.1	0
cds-WP_004043830.1	3
cds-WP_004043833.1	3
cds-WP_004043835.1	2
cds-WP_004043836.1	1
cds-WP_004043837.1	0
cds-WP_004043838.1	1
cds-WP_004043839.1	2
cds-WP_004043840.1	2
cds-WP_004043841.1	4
cds-WP_004043842.1	0
cds-WP_004043843.1	9
cds-WP_004043844.1	0
cds-WP_004043845.1	0
cds-WP_004043846.1	1
cds-WP_004043847.1	9
cds-WP_004043848.1	14
cds-WP_004043849.1	0
cds-WP_004043850.1	40
cds-WP_004043851.1	122
cds-WP_004043852.1	0
cds-WP_004043853.1	11
cds-WP_004043854.1	22
cds-WP_004043855.1	7
cds-WP_004043856.1	10
cds-WP_004043857.1	10
cds-WP_004043858.1	87
cds-WP_004043859.1	63
cds-WP_004043861.1	0
cds-WP_004043862.1	8
cds-WP_004043863.1	2
cds-WP_004043864.1	2
cds-WP_004043865.1	7
cds-WP_004043866.1	24
cds-WP_004043867.1	21
cds-WP_004043868.1	6
cds-WP_004043870.1	1
cds-WP_004043872.1	0
cds-WP_004043874.1	4
cds-WP_004043876.1	0
cds-WP_004043877.1	0
cds-WP_004043878.1	0
cds-WP_004043879.1	6
cds-WP_004043880.1	2
cds-WP_004043881.1	8
cds-WP_004043882.1	3
cds-WP_004043883.1	10
cds-WP_004043885.1	2
cds-WP_004043886.1	3
cds-WP_004043887.1	12
cds-WP_004043888.1	0
cds-WP_004043889.1	11
cds-WP_004043890.1	0
cds-WP_004043891.1	11
cds-WP_004043892.1	4
cds-WP_004043893.1	19
cds-WP_004043894.1	4
cds-WP_004043896.1	1
cds-WP_004043897.1	5
cds-WP_004043898.1	0
cds-WP_004043899.1	20
cds-WP_004043900.1	0
cds-WP_004043905.1	3
cds-WP_004043906.1	30
cds-WP_004043907.1	2
cds-WP_004043908.1	8
cds-WP_004043909.1	6
cds-WP_004043910.1	11
cds-WP_004043911.1	3
cds-WP_004043912.1	7
cds-WP_004043913.1	1
cds-WP_004043914.1	0
cds-WP_004043915.1	6
cds-WP_004043916.1	4
cds-WP_004043917.1	2
cds-WP_004043918.1	2
cds-WP_004043919.1	2
cds-WP_004043920.1	7
cds-WP_004043921.1	2
cds-WP_004043922.1	14
cds-WP_004043923.1	5
cds-WP_004043924.1	10
cds-WP_004043925.1	3
cds-WP_004043926.1	9
cds-WP_004043927.1	2
cds-WP_004043928.1	13
cds-WP_004043930.1	8
cds-WP_004043931.1	1
cds-WP_004043932.1	4
cds-WP_004043933.1	14
cds-WP_004043935.1	0
cds-WP_004043936.1	4
cds-WP_004043937.1	3
cds-WP_004043938.1	2
cds-WP_004043939.1	29
cds-WP_004043940.1	2
cds-WP_004043941.1	1
cds-WP_004043942.1	0
cds-WP_004043943.1	19
cds-WP_004043944.1	16
cds-WP_004043945.1	0
cds-WP_004043946.1	5
cds-WP_004043947.1	3
cds-WP_004043948.1	19
cds-WP_004043949.1	3
cds-WP_004043950.1	0
cds-WP_004043951.1	0
cds-WP_004043952.1	6
cds-WP_004043953.1	11
cds-WP_004043954.1	0
cds-WP_004043955.1	68
cds-WP_004043956.1	11
cds-WP_004043957.1	27
cds-WP_004043958.1	0
cds-WP_004043959.1	1
cds-WP_004043960.1	2
cds-WP_004043961.1	2
cds-WP_004043962.1	15
cds-WP_004043963.1	31
cds-WP_004043964.1	2
cds-WP_004043965.1	18
cds-WP_004043966.1	6
cds-WP_004043967.1	11
cds-WP_004043968.1	5
cds-WP_004043969.1	2
cds-WP_004043970.1	15
cds-WP_004043971.1	113
cds-WP_004043974.1	21
cds-WP_004043975.1	2
cds-WP_004043978.1	4
cds-WP_004043979.1	10
cds-WP_004043980.1	36
cds-WP_004043981.1	6
cds-WP_004043983.1	1
cds-WP_004043984.1	0
cds-WP_004043985.1	1
cds-WP_004043986.1	0
cds-WP_004043987.1	1
cds-WP_004043989.1	2
cds-WP_004043990.1	6
cds-WP_004043992.1	4
cds-WP_004043993.1	3
cds-WP_004043995.1	19
cds-WP_004043996.1	15
cds-WP_004043997.1	10
cds-WP_004043998.1	351
cds-WP_004043999.1	5
cds-WP_004044000.1	39
cds-WP_004044001.1	9
cds-WP_004044002.1	26
cds-WP_004044003.1	3
cds-WP_004044004.1	26
cds-WP_004044006.1	0
cds-WP_004044008.1	3
cds-WP_004044009.1	3
cds-WP_004044010.1	5
cds-WP_004044012.1	4
cds-WP_004044013.1	2
cds-WP_004044014.1	1
cds-WP_004044015.1	22
cds-WP_004044016.1	6
cds-WP_004044017.1	0
cds-WP_004044018.1	0
cds-WP_004044019.1	0
cds-WP_004044021.1	10
cds-WP_004044022.1	3
cds-WP_004044023.1	4
cds-WP_004044024.1	12
cds-WP_004044026.1	4
cds-WP_004044027.1	1
cds-WP_004044028.1	5
cds-WP_004044029.1	1
cds-WP_004044030.1	2
cds-WP_004044032.1	67
cds-WP_004044033.1	4
cds-WP_004044034.1	0
cds-WP_004044035.1	1
cds-WP_004044036.1	1
cds-WP_004044037.1	1
cds-WP_004044038.1	2
cds-WP_004044039.1	1
cds-WP_004044040.1	1
cds-WP_004044041.1	0
cds-WP_004044042.1	4
cds-WP_004044043.1	0
cds-WP_004044044.1	23
cds-WP_004044045.1	11
cds-WP_004044046.1	9
cds-WP_004044047.1	4
cds-WP_004044048.1	5
cds-WP_004044049.1	10
cds-WP_004044050.1	16
cds-WP_004044051.1	26
cds-WP_004044053.1	5
cds-WP_004044054.1	0
cds-WP_004044055.1	3
cds-WP_004044056.1	5
cds-WP_004044057.1	86
cds-WP_004044058.1	3
cds-WP_004044059.1	3
cds-WP_004044061.1	7
cds-WP_004044063.1	17
cds-WP_004044064.1	2
cds-WP_004044067.1	7
cds-WP_004044068.1	28
cds-WP_004044069.1	4
cds-WP_004044070.1	14
cds-WP_004044071.1	3
cds-WP_004044072.1	5
cds-WP_004044073.1	1
cds-WP_004044074.1	6
cds-WP_004044075.1	9
cds-WP_004044076.1	44
cds-WP_004044077.1	5
cds-WP_004044078.1	12
cds-WP_004044079.1	19
cds-WP_004044080.1	0
cds-WP_004044081.1	3
cds-WP_004044082.1	1
cds-WP_004044085.1	0
cds-WP_004044086.1	0
cds-WP_004044089.1	5
cds-WP_004044090.1	1
cds-WP_004044091.1	13
cds-WP_004044092.1	24
cds-WP_004044093.1	3
cds-WP_004044094.1	10
cds-WP_004044095.1	32
cds-WP_004044096.1	1
cds-WP_004044097.1	19
cds-WP_004044098.1	32
cds-WP_004044099.1	18
cds-WP_004044100.1	25
cds-WP_004044101.1	2
cds-WP_004044102.1	0
cds-WP_004044103.1	0
cds-WP_004044104.1	11
cds-WP_004044106.1	4
cds-WP_004044107.1	7
cds-WP_004044108.1	1
cds-WP_004044109.1	2
cds-WP_004044110.1	8
cds-WP_004044111.1	19
cds-WP_004044112.1	8
cds-WP_004044113.1	5
cds-WP_004044114.1	3
cds-WP_004044115.1	3
cds-WP_004044116.1	3
cds-WP_004044118.1	7
cds-WP_004044119.1	10
cds-WP_004044120.1	1
cds-WP_004044121.1	9
cds-WP_004044123.1	1
cds-WP_004044124.1	12
cds-WP_004044126.1	7
cds-WP_004044127.1	20
cds-WP_004044128.1	13
cds-WP_004044129.1	1
cds-WP_004044130.1	10
cds-WP_004044131.1	14
cds-WP_004044133.1	50
cds-WP_004044134.1	9
cds-WP_004044135.1	34
cds-WP_004044136.1	13
cds-WP_004044137.1	2
cds-WP_004044138.1	1
cds-WP_004044139.1	2
cds-WP_004044140.1	3
cds-WP_004044141.1	14
cds-WP_004044142.1	9
cds-WP_004044143.1	11
cds-WP_004044144.1	5
cds-WP_004044145.1	2
cds-WP_004044146.1	3
cds-WP_004044148.1	5
cds-WP_004044149.1	0
cds-WP_004044150.1	1
cds-WP_004044151.1	3
cds-WP_004044152.1	1
cds-WP_004044153.1	3
cds-WP_004044154.1	132
cds-WP_004044155.1	15
cds-WP_004044156.1	0
cds-WP_004044157.1	3
cds-WP_004044158.1	3
cds-WP_004044159.1	74
cds-WP_004044160.1	1
cds-WP_004044161.1	0
cds-WP_004044162.1	3
cds-WP_004044163.1	29
cds-WP_004044164.1	31
cds-WP_004044165.1	1
cds-WP_004044166.1	4
cds-WP_004044167.1	4
cds-WP_004044168.1	85
cds-WP_004044169.1	10
cds-WP_004044170.1	0
cds-WP_004044171.1	2
cds-WP_004044172.1	1
cds-WP_004044173.1	5
cds-WP_004044175.1	31
cds-WP_004044176.1	3
cds-WP_004044177.1	3
cds-WP_004044178.1	2
cds-WP_004044179.1	3
cds-WP_004044180.1	5
cds-WP_004044181.1	7
cds-WP_004044182.1	0
cds-WP_004044183.1	0
cds-WP_004044184.1	5
cds-WP_004044185.1	2
cds-WP_004044187.1	0
cds-WP_004044188.1	3
cds-WP_004044189.1	5
cds-WP_004044190.1	4
cds-WP_004044191.1	1
cds-WP_004044192.1	1
cds-WP_004044193.1	1
cds-WP_004044194.1	9
cds-WP_004044195.1	0
cds-WP_004044196.1	8
cds-WP_004044197.1	2
cds-WP_004044198.1	30
cds-WP_004044199.1	1
cds-WP_004044200.1	6
cds-WP_004044201.1	5
cds-WP_004044202.1	0
cds-WP_004044203.1	5
cds-WP_004044205.1	1
cds-WP_004044207.1	30
cds-WP_004044208.1	28
cds-WP_004044210.1	8
cds-WP_004044211.1	3
cds-WP_004044212.1	17
cds-WP_004044213.1	8
cds-WP_004044214.1	1
cds-WP_004044215.1	3
cds-WP_004044216.1	27
cds-WP_004044217.1	2
cds-WP_004044218.1	8
cds-WP_004044219.1	0
cds-WP_004044220.1	32
cds-WP_004044221.1	4
cds-WP_004044222.1	11
cds-WP_004044223.1	3
cds-WP_004044225.1	2
cds-WP_004044226.1	5
cds-WP_004044227.1	1
cds-WP_004044228.1	0
cds-WP_004044229.1	3
cds-WP_004044230.1	0
cds-WP_004044231.1	3
cds-WP_004044232.1	5
cds-WP_004044233.1	8
cds-WP_004044234.1	1
cds-WP_004044235.1	0
cds-WP_004044236.1	9
cds-WP_004044237.1	1
cds-WP_004044238.1	6
cds-WP_004044239.1	1
cds-WP_004044240.1	0
cds-WP_004044241.1	13
cds-WP_004044242.1	3
cds-WP_004044243.1	2
cds-WP_004044244.1	1
cds-WP_004044246.1	18
cds-WP_004044248.1	7
cds-WP_004044249.1	0
cds-WP_004044250.1	0
cds-WP_004044251.1	1
cds-WP_004044252.1	2
cds-WP_004044253.1	1
cds-WP_004044254.1	7
cds-WP_004044255.1	3
cds-WP_004044258.1	33
cds-WP_004044259.1	0
cds-WP_004044260.1	31
cds-WP_004044261.1	2
cds-WP_004044262.1	3
cds-WP_004044264.1	1
cds-WP_004044265.1	5
cds-WP_004044266.1	3
cds-WP_004044267.1	2
cds-WP_004044268.1	3
cds-WP_004044269.1	0
cds-WP_004044270.1	0
cds-WP_004044271.1	0
cds-WP_004044272.1	3
cds-WP_004044273.1	0
cds-WP_004044274.1	0
cds-WP_004044275.1	3
cds-WP_004044276.1	0
cds-WP_004044277.1	2
cds-WP_004044280.1	10
cds-WP_004044281.1	20
cds-WP_004044282.1	48
cds-WP_004044283.1	0
cds-WP_004044284.1	3
cds-WP_004044285.1	1
cds-WP_004044286.1	10
cds-WP_004044288.1	4
cds-WP_004044289.1	7
cds-WP_004044290.1	3
cds-WP_004044291.1	9
cds-WP_004044292.1	2
cds-WP_004044293.1	2
cds-WP_004044294.1	0
cds-WP_004044295.1	1
cds-WP_004044296.1	3
cds-WP_004044297.1	1
cds-WP_004044298.1	4
cds-WP_004044299.1	0
cds-WP_004044300.1	2
cds-WP_004044301.1	3
cds-WP_004044303.1	6
cds-WP_004044304.1	0
cds-WP_004044305.1	1
cds-WP_004044306.1	2
cds-WP_004044307.1	26
cds-WP_004044308.1	0
cds-WP_004044309.1	1
cds-WP_004044310.1	1
cds-WP_004044312.1	21
cds-WP_004044313.1	11
cds-WP_004044314.1	4
cds-WP_004044315.1	5
cds-WP_004044316.1	2
cds-WP_004044317.1	0
cds-WP_004044318.1	3
cds-WP_004044319.1	0
cds-WP_004044320.1	6
cds-WP_004044322.1	2
cds-WP_004044323.1	0
cds-WP_004044324.1	0
cds-WP_004044325.1	0
cds-WP_004044326.1	1
cds-WP_004044327.1	1
cds-WP_004044328.1	1
cds-WP_004044329.1	0
cds-WP_004044330.1	1
cds-WP_004044332.1	3
cds-WP_004044333.1	1
cds-WP_004044334.1	0
cds-WP_004044335.1	7
cds-WP_004044336.1	11
cds-WP_004044337.1	60
cds-WP_004044338.1	3
cds-WP_004044339.1	5
cds-WP_004044341.1	0
cds-WP_004044342.1	2
cds-WP_004044343.1	2
cds-WP_004044344.1	2
cds-WP_004044346.1	3
cds-WP_004044347.1	1
cds-WP_004044348.1	4
cds-WP_004044349.1	8
cds-WP_004044350.1	11
cds-WP_004044352.1	182
cds-WP_004044353.1	2
cds-WP_004044354.1	1
cds-WP_004044355.1	2
cds-WP_004044356.1	0
cds-WP_004044357.1	0
cds-WP_004044358.1	5
cds-WP_004044360.1	9
cds-WP_004044361.1	0
cds-WP_004044362.1	4
cds-WP_004044364.1	6
cds-WP_004044365.1	11
cds-WP_004044366.1	3
cds-WP_004044367.1	2
cds-WP_004044368.1	1
cds-WP_004044369.1	0
cds-WP_004044370.1	2
cds-WP_004044371.1	3
cds-WP_004044372.1	318
cds-WP_004044373.1	1
cds-WP_004044374.1	2
cds-WP_004044375.1	15
cds-WP_004044376.1	18
cds-WP_004044377.1	9
cds-WP_004044379.1	2
cds-WP_004044380.1	10
cds-WP_004044381.1	3
cds-WP_004044382.1	8
cds-WP_004044383.1	3
cds-WP_004044384.1	3
cds-WP_004044385.1	0
cds-WP_004044386.1	4
cds-WP_004044387.1	4
cds-WP_004044388.1	0
cds-WP_004044389.1	1
cds-WP_004044390.1	142
cds-WP_004044391.1	12
cds-WP_004044393.1	2
cds-WP_004044395.1	107
cds-WP_004044396.1	3
cds-WP_004044397.1	8
cds-WP_004044398.1	6
cds-WP_004044399.1	2
cds-WP_004044400.1	37
cds-WP_004044401.1	1
cds-WP_004044402.1	4
cds-WP_004044403.1	2
cds-WP_004044404.1	1
cds-WP_004044405.1	12
cds-WP_004044406.1	7
cds-WP_004044407.1	2
cds-WP_004044408.1	3
cds-WP_004044409.1	1
cds-WP_004044410.1	0
cds-WP_004044411.1	0
cds-WP_004044412.1	9
cds-WP_004044413.1	0
cds-WP_004044414.1	6
cds-WP_004044415.1	2
cds-WP_004044416.1	3
cds-WP_004044417.1	2
cds-WP_004044418.1	0
cds-WP_004044419.1	1
cds-WP_004044421.1	1
cds-WP_004044422.1	3
cds-WP_004044423.1	3
cds-WP_004044426.1	2
cds-WP_004044427.1	12
cds-WP_004044428.1	177
cds-WP_004044429.1	5
cds-WP_004044430.1	17
cds-WP_004044431.1	29
cds-WP_004044432.1	71
cds-WP_004044433.1	69
cds-WP_004044434.1	11
cds-WP_004044435.1	2
cds-WP_004044436.1	3
cds-WP_004044437.1	39
cds-WP_004044438.1	3
cds-WP_004044439.1	13
cds-WP_004044440.1	168
cds-WP_004044441.1	9
cds-WP_004044442.1	0
cds-WP_004044443.1	3
cds-WP_004044445.1	2
cds-WP_004044446.1	9
cds-WP_004044447.1	0
cds-WP_004044448.1	3
cds-WP_004044449.1	0
cds-WP_004044450.1	2
cds-WP_004044451.1	17
cds-WP_004044452.1	3
cds-WP_004044453.1	4
cds-WP_004044454.1	2
cds-WP_004044455.1	6
cds-WP_004044456.1	19
cds-WP_004044457.1	4
cds-WP_004044458.1	9
cds-WP_004044459.1	3
cds-WP_004044460.1	47
cds-WP_004044461.1	10
cds-WP_004044462.1	3
cds-WP_004044463.1	1
cds-WP_004044464.1	5
cds-WP_004044465.1	360
cds-WP_004044467.1	85
cds-WP_004044470.1	2
cds-WP_004044471.1	16
cds-WP_004044472.1	5
cds-WP_004044473.1	42
cds-WP_004044474.1	3
cds-WP_004044475.1	7
cds-WP_004044478.1	1
cds-WP_004044479.1	6
cds-WP_004044480.1	2
cds-WP_004044481.1	5
cds-WP_004044482.1	2
cds-WP_004044483.1	4
cds-WP_004044484.1	3
cds-WP_004044485.1	1
cds-WP_004044487.1	9
cds-WP_004044488.1	4
cds-WP_004044489.1	0
cds-WP_004044490.1	7
cds-WP_004044491.1	6
cds-WP_004044492.1	0
cds-WP_004044493.1	5
cds-WP_004044494.1	4
cds-WP_004044495.1	12
cds-WP_004044496.1	1
cds-WP_004044497.1	2
cds-WP_004044499.1	5
cds-WP_004044500.1	18
cds-WP_004044501.1	1
cds-WP_004044502.1	5
cds-WP_004044503.1	38
cds-WP_004044504.1	129
cds-WP_004044505.1	2
cds-WP_004044506.1	3
cds-WP_004044507.1	6
cds-WP_004044509.1	5
cds-WP_004044510.1	2
cds-WP_004044511.1	1
cds-WP_004044515.1	1
cds-WP_004044516.1	0
cds-WP_004044517.1	2
cds-WP_004044518.1	15
cds-WP_004044519.1	18
cds-WP_004044520.1	20
cds-WP_004044521.1	5
cds-WP_004044522.1	42
cds-WP_004044523.1	22
cds-WP_004044524.1	5
cds-WP_004044525.1	9
cds-WP_004044526.1	4
cds-WP_004044527.1	4
cds-WP_004044528.1	1
cds-WP_004044530.1	13
cds-WP_004044531.1	13
cds-WP_004044532.1	2
cds-WP_004044533.1	2
cds-WP_004044534.1	14
cds-WP_004044535.1	13
cds-WP_004044537.1	4
cds-WP_004044538.1	0
cds-WP_004044539.1	0
cds-WP_004044540.1	0
cds-WP_004044541.1	0
cds-WP_004044542.1	1
cds-WP_004044543.1	2
cds-WP_004044545.1	1
cds-WP_004044546.1	0
cds-WP_004044547.1	0
cds-WP_004044548.1	0
cds-WP_004044549.1	0
cds-WP_004044550.1	0
cds-WP_004044551.1	0
cds-WP_004044552.1	0
cds-WP_004044553.1	1
cds-WP_004044555.1	0
cds-WP_004044556.1	1
cds-WP_004044557.1	0
cds-WP_004044559.1	0
cds-WP_004044560.1	0
cds-WP_004044562.1	0
cds-WP_004044563.1	112
cds-WP_004044564.1	45
cds-WP_004044565.1	4
cds-WP_004044566.1	3
cds-WP_004044567.1	94
cds-WP_004044568.1	3
cds-WP_004044569.1	50
cds-WP_004044570.1	24
cds-WP_004044571.1	3
cds-WP_004044572.1	14
cds-WP_004044573.1	9
cds-WP_004044574.1	36
cds-WP_004044575.1	18
cds-WP_004044576.1	11
cds-WP_004044577.1	4
cds-WP_004044578.1	1
cds-WP_004044579.1	0
cds-WP_004044580.1	0
cds-WP_004044581.1	0
cds-WP_004044582.1	7
cds-WP_004044583.1	6
cds-WP_004044584.1	13
cds-WP_004044585.1	2
cds-WP_004044586.1	4
cds-WP_004044587.1	3
cds-WP_004044590.1	0
cds-WP_004044591.1	12
cds-WP_004044592.1	6
cds-WP_004044593.1	0
cds-WP_004044594.1	17
cds-WP_004044595.1	3
cds-WP_004044596.1	5
cds-WP_004044597.1	7
cds-WP_004044599.1	17
cds-WP_004044600.1	0
cds-WP_004044601.1	34
cds-WP_004044602.1	25
cds-WP_004044603.1	1
cds-WP_004044604.1	9
cds-WP_004044605.1	10
cds-WP_004044606.1	47
cds-WP_004044607.1	37
cds-WP_004044608.1	1
cds-WP_004044609.1	9
cds-WP_004044610.1	5
cds-WP_004044611.1	60
cds-WP_004044612.1	45
cds-WP_004044613.1	1
cds-WP_004044614.1	12
cds-WP_004044616.1	10
cds-WP_004044617.1	5
cds-WP_004044618.1	0
cds-WP_004044619.1	20
cds-WP_004044620.1	8
cds-WP_004044621.1	14
cds-WP_004044622.1	4
cds-WP_004044624.1	0
cds-WP_004044625.1	16
cds-WP_004044626.1	0
cds-WP_004044627.1	4
cds-WP_004044628.1	1
cds-WP_004044629.1	1
cds-WP_004044630.1	1
cds-WP_004044631.1	18
cds-WP_004044632.1	29
cds-WP_004044633.1	13
cds-WP_004044634.1	0
cds-WP_004044636.1	3
cds-WP_004044637.1	2
cds-WP_004044638.1	1
cds-WP_004044639.1	8
cds-WP_004044640.1	8
cds-WP_004044642.1	8
cds-WP_004044644.1	0
cds-WP_004044646.1	2
cds-WP_004044647.1	12
cds-WP_004044648.1	3
cds-WP_004044650.1	2
cds-WP_004044651.1	1
cds-WP_004044652.1	4
cds-WP_004044653.1	1
cds-WP_004044654.1	7
cds-WP_004044655.1	1
cds-WP_004044656.1	1
cds-WP_004044657.1	3
cds-WP_004044658.1	1
cds-WP_004044659.1	0
cds-WP_004044660.1	2
cds-WP_004044661.1	3
cds-WP_004044662.1	3
cds-WP_004044663.1	3
cds-WP_004044664.1	1
cds-WP_004044665.1	3
cds-WP_004044667.1	3
cds-WP_004044668.1	0
cds-WP_004044669.1	6
cds-WP_004044670.1	6
cds-WP_004044671.1	1
cds-WP_004044672.1	3
cds-WP_004044673.1	3
cds-WP_004044674.1	3
cds-WP_004044675.1	5
cds-WP_004044676.1	10
cds-WP_004044677.1	28
cds-WP_004044678.1	21
cds-WP_004044679.1	0
cds-WP_004044680.1	1
cds-WP_004044681.1	1
cds-WP_004044682.1	1
cds-WP_004044683.1	9
cds-WP_004044684.1	0
cds-WP_004044685.1	4
cds-WP_004044686.1	5
cds-WP_004044687.1	7
cds-WP_004044688.1	1
cds-WP_004044689.1	2
cds-WP_004044690.1	4
cds-WP_004044692.1	2
cds-WP_004044693.1	2
cds-WP_004044694.1	12
cds-WP_004044695.1	13
cds-WP_004044697.1	5
cds-WP_004044698.1	5
cds-WP_004044700.1	9
cds-WP_004044701.1	9
cds-WP_004044703.1	1
cds-WP_004044704.1	3
cds-WP_004044705.1	4
cds-WP_004044708.1	6
cds-WP_004044709.1	0
cds-WP_004044710.1	6
cds-WP_004044711.1	1
cds-WP_004044712.1	1
cds-WP_004044713.1	3
cds-WP_004044714.1	6
cds-WP_004044715.1	1
cds-WP_004044716.1	1
cds-WP_004044717.1	4
cds-WP_004044718.1	28
cds-WP_004044719.1	18
cds-WP_004044720.1	1
cds-WP_004044721.1	2
cds-WP_004044722.1	1
cds-WP_004044723.1	2
cds-WP_004044724.1	3
cds-WP_004044725.1	9
cds-WP_004044727.1	6
cds-WP_004044729.1	1
cds-WP_004044731.1	2
cds-WP_004044733.1	3
cds-WP_004044738.1	5
cds-WP_004044740.1	0
cds-WP_004044742.1	41
cds-WP_004044747.1	4
cds-WP_004044748.1	2
cds-WP_004044750.1	0
cds-WP_004044752.1	6
cds-WP_004044754.1	8
cds-WP_004044756.1	4
cds-WP_004044758.1	5
cds-WP_004044763.1	5
cds-WP_004044765.1	9
cds-WP_004044767.1	2
cds-WP_004044769.1	3
cds-WP_004044771.1	4
cds-WP_004044773.1	2
cds-WP_004044775.1	0
cds-WP_004044777.1	7
cds-WP_004044781.1	30
cds-WP_004044784.1	2
cds-WP_004044786.1	1
cds-WP_004044788.1	0
cds-WP_004044789.1	23
cds-WP_004044791.1	53
cds-WP_004044795.1	5
cds-WP_004044797.1	4
cds-WP_004044799.1	2
cds-WP_004044801.1	2
cds-WP_004044803.1	7
cds-WP_004044805.1	1
cds-WP_004044807.1	0
cds-WP_004044808.1	1
cds-WP_004044810.1	8
cds-WP_004044818.1	27
cds-WP_004044820.1	11
cds-WP_004044823.1	24
cds-WP_004044825.1	47
cds-WP_004044826.1	2
cds-WP_004044828.1	4
cds-WP_004044830.1	0
cds-WP_004044832.1	2
cds-WP_004044833.1	2
cds-WP_004044834.1	15
cds-WP_004044835.1	6
cds-WP_004044837.1	15
cds-WP_004044838.1	12
cds-WP_004044839.1	1
cds-WP_004044841.1	7
cds-WP_004044843.1	2
cds-WP_004044844.1	1
cds-WP_004044850.1	0
cds-WP_004044855.1	19
cds-WP_004044857.1	3
cds-WP_004044859.1	1
cds-WP_004044860.1	2
cds-WP_004044862.1	3
cds-WP_004044864.1	5
cds-WP_004044866.1	3
cds-WP_004044868.1	13
cds-WP_004044870.1	5
cds-WP_004044872.1	5
cds-WP_004044873.1	3
cds-WP_004044886.1	0
cds-WP_004044888.1	7
cds-WP_004044889.1	5
cds-WP_004044891.1	1
cds-WP_004044893.1	1
cds-WP_004044895.1	2
cds-WP_004044896.1	4
cds-WP_004044900.1	165
cds-WP_004044902.1	8
cds-WP_004044904.1	6
cds-WP_004044906.1	1
cds-WP_004044908.1	1
cds-WP_004044909.1	6
cds-WP_004044911.1	5
cds-WP_004044914.1	3
cds-WP_004044915.1	3
cds-WP_004044917.1	0
cds-WP_004044919.1	14
cds-WP_004044920.1	4
cds-WP_004044925.1	37
cds-WP_004044927.1	7
cds-WP_004044943.1	69
cds-WP_004044951.1	7
cds-WP_004044952.1	10
cds-WP_004044954.1	5
cds-WP_004044955.1	13
cds-WP_004044956.1	12
cds-WP_004044957.1	8
cds-WP_004044961.1	5
cds-WP_004044963.1	2
cds-WP_004044965.1	66
cds-WP_004044967.1	6
cds-WP_004044970.1	7
cds-WP_004044972.1	5
cds-WP_004044974.1	14
cds-WP_004044976.1	5
cds-WP_004044977.1	22
cds-WP_004044979.1	2
cds-WP_004044988.1	8
cds-WP_004044996.1	6
cds-WP_004045000.1	4
cds-WP_004045002.1	4
cds-WP_004045003.1	3
cds-WP_004045004.1	0
cds-WP_004045005.1	2
cds-WP_004045008.1	74
cds-WP_004045012.1	3
cds-WP_004045014.1	15
cds-WP_004045016.1	20
cds-WP_004045019.1	4
cds-WP_004045021.1	2
cds-WP_004045023.1	4
cds-WP_004045027.1	0
cds-WP_004045032.1	0
cds-WP_004045034.1	22
cds-WP_004045037.1	1
cds-WP_004045040.1	2
cds-WP_004045041.1	4
cds-WP_004045042.1	12
cds-WP_004045043.1	1
cds-WP_004045044.1	2
cds-WP_004045045.1	5
cds-WP_004045048.1	4
cds-WP_004045050.1	5
cds-WP_004045051.1	12
cds-WP_004045055.1	1
cds-WP_004045057.1	1
cds-WP_004045061.1	11
cds-WP_004045062.1	4
cds-WP_004045066.1	4
cds-WP_004045067.1	0
cds-WP_004045069.1	6
cds-WP_004045074.1	8
cds-WP_004045076.1	3
cds-WP_004045079.1	3
cds-WP_004045081.1	0
cds-WP_004045083.1	2
cds-WP_004045086.1	3
cds-WP_004045088.1	3
cds-WP_004045089.1	6
cds-WP_004045090.1	82
cds-WP_004045091.1	2
cds-WP_004045093.1	5
cds-WP_004045095.1	10
cds-WP_004045104.1	0
cds-WP_004045108.1	2
cds-WP_004045110.1	5
cds-WP_004045112.1	48
cds-WP_004045114.1	5
cds-WP_004045116.1	1
cds-WP_004045118.1	0
cds-WP_004045120.1	3
cds-WP_004045122.1	5
cds-WP_004045125.1	6
cds-WP_004045127.1	3
cds-WP_004045129.1	6
cds-WP_004045132.1	0
cds-WP_004045133.1	1
cds-WP_004045135.1	3
cds-WP_004045137.1	4
cds-WP_004045143.1	5
cds-WP_004045146.1	4
cds-WP_004045148.1	7
cds-WP_004045157.1	11
cds-WP_004045159.1	2
cds-WP_004045161.1	5
cds-WP_004045168.1	22
cds-WP_004045170.1	5
cds-WP_004045172.1	1
cds-WP_004045175.1	11
cds-WP_004045177.1	6
cds-WP_004045179.1	20
cds-WP_004045182.1	92
cds-WP_004045183.1	22
cds-WP_004045184.1	3
cds-WP_004045186.1	6
cds-WP_004045188.1	6
cds-WP_004045193.1	12
cds-WP_004045195.1	67
cds-WP_004045197.1	6
cds-WP_004045199.1	3
cds-WP_004045201.1	0
cds-WP_004045206.1	8
cds-WP_004045208.1	1
cds-WP_004045209.1	3
cds-WP_004045211.1	0
cds-WP_004045212.1	0
cds-WP_004045214.1	0
cds-WP_004045216.1	1
cds-WP_004045218.1	58
cds-WP_004045220.1	0
cds-WP_004045222.1	0
cds-WP_004045232.1	21
cds-WP_004045233.1	1
cds-WP_004045234.1	1
cds-WP_004045235.1	3
cds-WP_004045236.1	1
cds-WP_004045237.1	0
cds-WP_004045238.1	1
cds-WP_004045239.1	0
cds-WP_004045240.1	0
cds-WP_004045241.1	16
cds-WP_004045242.1	0
cds-WP_004045244.1	2
cds-WP_004045245.1	53
cds-WP_004045246.1	21
cds-WP_004045247.1	5
cds-WP_004045248.1	2
cds-WP_004045249.1	0
cds-WP_004045250.1	3
cds-WP_004045251.1	11
cds-WP_004045253.1	8
cds-WP_004045255.1	0
cds-WP_004045256.1	1
cds-WP_004045257.1	4
cds-WP_004045258.1	2
cds-WP_004045259.1	3
cds-WP_004045260.1	0
cds-WP_004045261.1	0
cds-WP_004045262.1	0
cds-WP_004045263.1	1
cds-WP_004045264.1	0
cds-WP_004045265.1	0
cds-WP_004045266.1	0
cds-WP_004045267.1	0
cds-WP_004045268.1	0
cds-WP_004045269.1	8
cds-WP_004045270.1	0
cds-WP_004045271.1	7
cds-WP_004045272.1	4
cds-WP_004045274.1	8
cds-WP_004045277.1	6
cds-WP_004045278.1	19
cds-WP_004045279.1	3
cds-WP_004045280.1	2
cds-WP_004045281.1	10
cds-WP_004045282.1	2
cds-WP_004045284.1	4
cds-WP_004045285.1	29
cds-WP_004045288.1	10
cds-WP_004045289.1	22
cds-WP_004045290.1	1
cds-WP_004045291.1	8
cds-WP_004045293.1	1
cds-WP_004045294.1	17
cds-WP_004045295.1	1
cds-WP_004045296.1	0
cds-WP_004045297.1	0
cds-WP_004045298.1	0
cds-WP_004045299.1	10
cds-WP_004045300.1	8
cds-WP_004045301.1	3
cds-WP_004045302.1	0
cds-WP_004045303.1	3
cds-WP_004045304.1	3
cds-WP_004045305.1	7
cds-WP_004045306.1	3
cds-WP_004045307.1	1
cds-WP_004045308.1	31
cds-WP_004045309.1	5
cds-WP_004045310.1	179
cds-WP_004045311.1	4
cds-WP_004045312.1	30
cds-WP_004045313.1	9
cds-WP_004045314.1	2
cds-WP_004045315.1	2
cds-WP_004045316.1	0
cds-WP_004045317.1	6
cds-WP_004045318.1	7
cds-WP_004045319.1	0
cds-WP_004045320.1	9
cds-WP_004045321.1	2
cds-WP_004045322.1	8
cds-WP_004045323.1	18
cds-WP_004045324.1	2
cds-WP_004045325.1	0
cds-WP_004045326.1	5
cds-WP_004045327.1	75
cds-WP_004045328.1	117
cds-WP_004045329.1	85
cds-WP_004045330.1	0
cds-WP_004045331.1	1
cds-WP_004045332.1	0
cds-WP_004045333.1	7
cds-WP_004045334.1	14
cds-WP_004045335.1	6
cds-WP_004045336.1	1
cds-WP_004045337.1	1
cds-WP_004045338.1	0
cds-WP_004045339.1	0
cds-WP_004045340.1	7
cds-WP_004045341.1	6960
cds-WP_004045342.1	8
cds-WP_004045343.1	3
cds-WP_004045344.1	4
cds-WP_004045345.1	2
cds-WP_004045346.1	1
cds-WP_004045347.1	8
cds-WP_004045348.1	22
cds-WP_004045350.1	2
cds-WP_004045351.1	6
cds-WP_004045354.1	35
cds-WP_004045355.1	7
cds-WP_004045356.1	0
cds-WP_004045357.1	4
cds-WP_004045358.1	3
cds-WP_004045360.1	5
cds-WP_004045364.1	4
cds-WP_004045365.1	0
cds-WP_004045366.1	5
cds-WP_004045367.1	0
cds-WP_004045368.1	0
cds-WP_004045370.1	0
cds-WP_004045371.1	2
cds-WP_004045372.1	0
cds-WP_004045373.1	4
cds-WP_004045374.1	6
cds-WP_004045376.1	39
cds-WP_004045377.1	4
cds-WP_004045379.1	2
cds-WP_004045386.1	13
cds-WP_004045389.1	2
cds-WP_004045393.1	9
cds-WP_004045395.1	0
cds-WP_004045398.1	2
cds-WP_004045401.1	63
cds-WP_004045403.1	0
cds-WP_004045404.1	6
cds-WP_004045411.1	0
cds-WP_004057907.1	424
cds-WP_004057909.1	190
cds-WP_004062665.1	0
cds-WP_004062994.1	5
cds-WP_004063049.1	2
cds-WP_004063115.1	167
cds-WP_004063118.1	0
cds-WP_004063281.1	3
cds-WP_004063282.1	2
cds-WP_004063509.1	1
cds-WP_004064260.1	15
cds-WP_004064311.1	53
cds-WP_004064329.1	6
cds-WP_004065234.1	5
cds-WP_004065483.1	2
cds-WP_004065604.1	2
cds-WP_004065787.1	5
cds-WP_008093389.1	3
cds-WP_008574128.1	5
cds-WP_008605678.1	0
cds-WP_008605767.1	4
cds-WP_008606010.1	7
cds-WP_008606071.1	0
cds-WP_008606282.1	6
cds-WP_008610516.1	0
cds-WP_013035031.1	203
cds-WP_013035031.1-2	32
cds-WP_013035066.1	9
cds-WP_013035080.1	0
cds-WP_013035082.1	5
cds-WP_013035119.1	5
cds-WP_013035120.1	14
cds-WP_013035120.1-2	16
cds-WP_013035157.1	51
cds-WP_013035157.1-2	7
cds-WP_013035191.1	3
cds-WP_013035232.1	12
cds-WP_013035234.1	2
cds-WP_013035236.1	0
cds-WP_013035237.1	0
cds-WP_013035240.1	4
cds-WP_013035241.1	0
cds-WP_013035242.1	3
cds-WP_013035244.1	2
cds-WP_013035245.1	0
cds-WP_013035247.1	15
cds-WP_013035249.1	21
cds-WP_013035249.1-2	2
cds-WP_013035252.1	0
cds-WP_013035256.1	0
cds-WP_013035257.1	2
cds-WP_013035258.1	19
cds-WP_013035260.1	4
cds-WP_013035262.1	10
cds-WP_013035266.1	6
cds-WP_013035267.1	44
cds-WP_013035269.1	6
cds-WP_013035270.1	0
cds-WP_013035277.1	1
cds-WP_013035284.1	1
cds-WP_013035285.1	5
cds-WP_013035286.1	4
cds-WP_013035288.1	0
cds-WP_013035295.1	10
cds-WP_013035296.1	4
cds-WP_013035297.1	11
cds-WP_013035300.1	33
cds-WP_013035302.1	0
cds-WP_013035304.1	6
cds-WP_013035305.1	8
cds-WP_013035306.1	0
cds-WP_013035308.1	7
cds-WP_013035309.1	2
cds-WP_013035311.1	6
cds-WP_013035313.1	6
cds-WP_013035317.1	0
cds-WP_013035318.1	1
cds-WP_013035321.1	4
cds-WP_013035323.1	27
cds-WP_013035331.1	30
cds-WP_013035334.1	0
cds-WP_013035338.1	26
cds-WP_013035341.1	1
cds-WP_013035344.1	0
cds-WP_013035345.1	0
cds-WP_013035348.1	7
cds-WP_013035350.1	42
cds-WP_013035352.1	0
cds-WP_013035353.1	96
cds-WP_013035354.1	29
cds-WP_013035359.1	1
cds-WP_013035360.1	5
cds-WP_013035363.1	16
cds-WP_013035365.1	3
cds-WP_013035367.1	4
cds-WP_013035368.1	46
cds-WP_013035369.1	128
cds-WP_013035373.1	2
cds-WP_013035374.1	3
cds-WP_013035375.1	537
cds-WP_013035379.1	7
cds-WP_013035385.1	2
cds-WP_013035386.1	1
cds-WP_013035389.1	1
cds-WP_013035390.1	26
cds-WP_013035391.1	5
cds-WP_013035393.1	1
cds-WP_013035394.1	0
cds-WP_013035395.1	29
cds-WP_013035399.1	0
cds-WP_013035402.1	43
cds-WP_013035407.1	6
cds-WP_013035416.1	2
cds-WP_013035417.1	1
cds-WP_013035418.1	5
cds-WP_013035420.1	0
cds-WP_013035422.1	3
cds-WP_013035425.1	1
cds-WP_013035427.1	3
cds-WP_013035428.1	6
cds-WP_013035430.1	1
cds-WP_013035432.1	0
cds-WP_013035436.1	1
cds-WP_013035442.1	11
cds-WP_013035444.1	55
cds-WP_013035446.1	5
cds-WP_013035447.1	2
cds-WP_013035448.1	9
cds-WP_013035449.1	2
cds-WP_013035450.1	2
cds-WP_013035451.1	3
cds-WP_013035453.1	10
cds-WP_013035454.1	5
cds-WP_013035455.1	4
cds-WP_013035460.1	5
cds-WP_013035465.1	3
cds-WP_013035466.1	4
cds-WP_013035467.1	20
cds-WP_013035468.1	1
cds-WP_013035471.1	0
cds-WP_013035473.1	3
cds-WP_013035476.1	2
cds-WP_013035477.1	2
cds-WP_013035478.1	2
cds-WP_013035480.1	12
cds-WP_013035481.1	9
cds-WP_013035485.1	18
cds-WP_013035489.1	2
cds-WP_013035494.1	0
cds-WP_013035496.1	7
cds-WP_013035499.1	1
cds-WP_013035500.1	22
cds-WP_013035508.1	123
cds-WP_013035511.1	5
cds-WP_013035512.1	10
cds-WP_013035517.1	2
cds-WP_013035518.1	1
cds-WP_013035520.1	0
cds-WP_013035521.1	0
cds-WP_013035522.1	19
cds-WP_013035531.1	20
cds-WP_013035533.1	0
cds-WP_013035534.1	0
cds-WP_013035537.1	1
cds-WP_013035538.1	3
cds-WP_013035539.1	0
cds-WP_013035540.1	4
cds-WP_013035541.1	54
cds-WP_013035542.1	4
cds-WP_013035543.1	0
cds-WP_013035545.1	0
cds-WP_013035546.1	19
cds-WP_013035551.1	8
cds-WP_013035554.1	12
cds-WP_013035557.1	1
cds-WP_013035559.1	1
cds-WP_013035562.1	57
cds-WP_013035563.1	28
cds-WP_013035565.1	3
cds-WP_013035569.1	0
cds-WP_013035572.1	17
cds-WP_013035573.1	3
cds-WP_013035575.1	5
cds-WP_013035576.1	3
cds-WP_013035577.1	7
cds-WP_013035579.1	16
cds-WP_013035581.1	5
cds-WP_013035584.1	11
cds-WP_013035585.1	9
cds-WP_013035586.1	10
cds-WP_013035587.1	0
cds-WP_013035588.1	3
cds-WP_013035589.1	0
cds-WP_013035591.1	0
cds-WP_013035592.1	30
cds-WP_013035593.1	7
cds-WP_013035598.1	2
cds-WP_013035599.1	0
cds-WP_013035603.1	20
cds-WP_013035604.1	0
cds-WP_013035605.1	12
cds-WP_013035606.1	0
cds-WP_013035608.1	21
cds-WP_013035610.1	1
cds-WP_013035611.1	10
cds-WP_013035612.1	3
cds-WP_013035613.1	5
cds-WP_013035617.1	9
cds-WP_013035619.1	12
cds-WP_013035620.1	5
cds-WP_013035623.1	12
cds-WP_013035625.1	13
cds-WP_013035627.1	8
cds-WP_013035629.1	3
cds-WP_013035636.1	5
cds-WP_013035637.1	0
cds-WP_013035638.1	14
cds-WP_013035640.1	10
cds-WP_013035643.1	3
cds-WP_013035644.1	10
cds-WP_013035646.1	3
cds-WP_013035648.1	4
cds-WP_013035649.1	19
cds-WP_013035651.1	19
cds-WP_013035654.1	5
cds-WP_013035655.1	5
cds-WP_013035656.1	4648
cds-WP_013035658.1	0
cds-WP_013035660.1	2
cds-WP_013035666.1	56
cds-WP_049896263.1	2
cds-WP_049914763.1	2
cds-WP_049914773.1	2
cds-WP_049914780.1	6
cds-WP_049914791.1	2
cds-WP_049914806.1	20
cds-WP_049914808.1	1
cds-WP_049914809.1	0
cds-WP_049914811.1	1
cds-WP_049914813.1	0
cds-WP_049914820.1	2
cds-WP_049914830.1	6
cds-WP_049914872.1	5
cds-WP_049914874.1	11
cds-WP_049914884.1	23
cds-WP_049914885.1	1
cds-WP_049914887.1	1
cds-WP_049914891.1	6
cds-WP_049914893.1	13
cds-WP_049914898.1	1
cds-WP_049914899.1	2
cds-WP_049914900.1	9
cds-WP_049914903.1	2
cds-WP_049914907.1	3
cds-WP_049914909.1	7
cds-WP_049914910.1	2
cds-WP_049914912.1	2
cds-WP_049914913.1	0
cds-WP_049914915.1	4
cds-WP_049941501.1	0
cds-WP_049941502.1	2101
cds-WP_049941503.1	2
cds-WP_049941505.1	24
cds-WP_049941507.1	0
cds-WP_049941511.1	14
cds-WP_081442881.1	3
cds-WP_081442883.1	0
cds-WP_081442884.1	22
cds-WP_081442885.1	2
cds-WP_081442886.1	0
cds-WP_081442888.1	0
cds-WP_081442889.1	0
cds-WP_081442894.1	13
cds-WP_081442896.1	0
cds-WP_081442897.1	7
cds-WP_081442898.1	2
cds-WP_115802679.1	0
cds-WP_115860199.1	1
cds-WP_144064035.1	3
cds-WP_144064036.1	0
cds-WP_144064037.1	0
cds-WP_144064038.1	0
cds-WP_144064039.1	1
cds-WP_144064041.1	0
cds-WP_144064042.1	4
cds-WP_144064044.1	3
cds-WP_144064045.1	1
cds-WP_144064046.1	1
cds-WP_144064047.1	0
cds-WP_144064048.1	0
cds-WP_144064049.1	0
cds-WP_144064050.1	3
cds-WP_144064055.1	3
cds-WP_144064056.1	2
cds-WP_155821702.1	5
cds-WP_155821732.1	1
cds-WP_155821754.1	0
cds-WP_155821820.1	2
cds-WP_158543171.1	63
cds-WP_158544173.1	0
cds-WP_158546581.1	0
cds-WP_160162996.1	1
cds-WP_161606676.1	0
cds-WP_161606677.1	0
cds-WP_161606679.1	0
cds-WP_161606682.1	1
cds-WP_162471309.1	0
cds-WP_169331103.1	1
cds-WP_171810345.1	0
cds-WP_171810347.1	0
cds-WP_171810348.1	9
cds-WP_171810349.1	2
cds-WP_193788328.1	1
cds-WP_206536754.1	33
cds-WP_206536755.1	0
cds-WP_206536756.1	3
cds-WP_206536757.1	1
cds-WP_215490485.1	0
__no_feature	362613
__ambiguous	14019
__too_low_aQual	0
__not_aligned	0
__alignment_not_unique	0
